Crossing,Finishing,HeadingAccuracy,ShortPassing,Volleys,Dribbling,Curve,FKAccuracy,LongPassing,BallControl,Acceleration,SprintSpeed,Agility,Reactions,Balance,ShotPower,Jumping,Stamina,Strength,LongShots,Aggression,Interceptions,Positioning,Vision,Penalties,Composure,Marking,StandingTackle,SlidingTackle,GKDiving,GKHandling,GKKicking,GKPositioning,GKReflexes,Overall
17,13,21,50,13,18,21,19,51,42,57,58,60,90,43,31,67,43,64,12,38,30,12,68,40,68,15,21,13,90,85,87,88,94,91
13,10,10,50,11,10,11,10,50,34,65,62,55,85,54,23,74,41,43,14,31,27,10,30,40,65,29,10,18,88,84,68,83,92,88
12,12,16,32,14,11,16,14,36,22,51,47,55,82,51,15,71,45,65,14,40,15,14,48,18,65,20,13,12,85,81,71,85,87,85
25,11,17,32,18,10,25,19,36,16,34,33,41,79,39,25,71,37,51,14,18,21,15,55,24,63,19,18,16,84,80,76,80,84,83
17,19,15,55,20,14,18,16,55,40,53,44,55,83,55,31,72,45,70,13,30,24,18,68,41,69,16,20,12,83,78,88,81,86,83
14,13,13,37,13,15,13,12,28,17,53,43,52,80,36,24,74,31,61,11,37,23,11,55,11,64,13,15,13,86,81,70,79,84,83
17,10,12,47,19,12,10,10,33,32,54,50,48,78,50,35,71,40,67,15,25,25,11,60,21,61,18,12,11,80,83,75,81,80,82
15,8,17,37,13,12,13,12,24,23,44,54,49,79,52,22,74,36,74,14,35,18,10,50,20,58,11,13,16,86,78,73,77,86,82
10,10,10,31,19,10,15,15,27,23,48,34,57,75,40,24,80,31,51,19,11,15,10,46,21,63,10,17,19,82,83,72,82,83,82
14,13,11,20,17,14,18,12,32,22,50,47,52,71,44,14,68,25,65,20,43,16,15,52,22,63,14,12,13,79,83,70,80,84,81
16,10,23,29,10,19,18,11,25,25,42,44,41,72,50,23,67,35,68,12,34,23,11,36,24,45,25,16,20,81,80,76,76,81,80
13,15,15,37,11,16,11,11,37,19,50,47,59,74,42,14,63,42,73,12,33,26,13,48,16,45,12,15,12,80,76,75,79,82,79
19,16,24,22,14,15,11,11,36,23,44,34,45,75,49,22,64,33,66,18,18,23,10,47,21,60,20,15,24,80,78,72,77,81,79
15,14,14,44,13,25,19,15,40,35,59,54,57,74,48,25,76,42,56,14,33,26,14,51,22,56,22,14,11,76,80,77,77,79,79
11,11,16,37,16,14,16,12,34,26,50,52,34,74,52,45,69,31,72,16,34,21,14,43,41,61,7,14,16,80,74,64,76,82,79
21,11,9,37,11,13,20,11,39,21,44,43,50,75,48,24,64,33,62,11,34,15,12,38,23,58,20,12,13,79,73,75,78,81,78
20,10,15,40,12,21,18,22,46,25,51,52,70,75,57,25,66,38,79,17,33,29,19,55,12,65,26,13,12,76,75,67,80,78,77
15,15,14,23,13,15,12,13,19,25,50,52,56,71,53,30,76,27,64,14,40,20,12,59,41,59,19,14,15,80,72,60,77,83,77
9,12,12,26,11,15,13,16,23,22,36,38,40,74,42,21,72,31,67,15,26,13,10,34,22,32,16,17,9,76,77,71,72,79,77
11,16,17,14,14,17,15,14,13,15,49,54,66,69,44,17,75,31,52,17,15,16,14,42,25,57,15,12,11,78,77,68,74,79,77
14,12,12,30,8,21,15,22,22,24,31,32,50,73,68,29,56,22,62,16,22,22,14,51,21,55,13,13,14,75,75,74,78,77,77
10,8,25,39,9,15,14,17,35,17,32,48,30,70,28,21,67,37,82,19,40,30,6,48,23,53,20,15,16,76,74,69,75,78,76
12,11,22,33,13,12,23,11,48,30,43,46,39,73,55,23,70,37,69,14,30,19,7,47,16,57,14,11,12,75,72,71,77,76,76
11,17,10,27,19,18,19,18,26,23,55,45,53,68,51,19,68,31,55,19,40,19,10,49,20,60,11,12,11,76,74,66,82,76,76
10,13,10,26,15,16,13,11,24,19,28,37,19,72,20,14,40,35,82,12,36,21,13,42,16,58,11,17,15,76,75,72,74,77,76
14,14,13,35,13,13,11,12,28,21,45,50,45,74,42,23,73,35,68,16,40,20,13,25,18,48,20,19,20,80,75,60,65,84,76
14,10,11,23,11,14,12,11,17,23,40,37,39,72,38,21,70,22,51,12,26,16,11,42,18,63,13,14,12,77,72,72,73,80,76
15,13,14,35,13,10,15,14,35,21,58,58,57,69,47,25,80,36,75,13,38,24,14,43,44,60,26,13,14,80,71,71,72,76,75
14,9,13,41,8,15,13,11,43,28,44,42,39,70,40,27,57,33,59,12,31,19,9,48,37,46,13,12,12,76,71,72,70,83,75
15,17,15,26,17,17,15,14,24,21,40,43,38,68,42,23,60,34,60,11,24,23,15,41,22,60,15,14,14,75,76,68,74,74,75
11,19,13,36,15,18,20,14,39,29,33,41,65,70,51,23,73,30,71,14,53,18,13,60,23,68,15,13,13,74,72,66,74,79,75
18,13,17,36,16,22,14,16,27,24,44,43,39,72,55,19,72,28,76,20,17,24,14,50,15,55,14,12,19,75,72,72,76,76,75
20,15,16,28,13,12,20,15,33,32,45,47,50,74,40,26,67,32,64,14,39,17,13,47,36,60,11,12,14,79,72,63,71,76,75
20,14,16,52,20,25,13,18,41,30,53,40,43,68,47,25,57,36,76,20,37,15,12,48,23,57,9,14,16,76,72,75,73,78,75
20,16,16,31,12,19,20,13,25,25,37,43,59,68,43,19,51,44,73,18,23,17,14,52,24,25,15,12,20,76,70,63,74,78,74
14,9,17,38,9,14,10,11,38,25,41,41,46,69,47,20,60,45,66,12,37,17,16,52,19,53,13,14,19,75,71,70,73,77,74
12,11,11,25,13,14,13,19,34,18,37,39,40,69,40,21,73,31,69,15,38,25,17,40,21,63,15,20,20,74,73,62,76,74,74
21,12,14,32,8,20,33,21,49,20,63,65,64,59,49,49,66,45,67,19,32,16,13,52,41,55,23,20,11,76,73,84,72,76,74
21,13,15,25,14,23,19,15,28,22,57,54,55,63,33,22,57,25,67,16,27,14,9,40,22,37,13,18,20,75,72,72,75,76,74
20,16,11,22,18,12,13,12,35,26,46,44,47,72,46,17,70,34,65,12,22,14,9,58,37,55,17,17,13,75,74,69,70,76,74
11,13,19,26,19,16,12,11,38,22,50,49,45,64,32,21,72,45,69,13,35,20,16,49,17,56,15,14,12,75,70,76,76,77,74
15,12,39,33,13,17,19,11,41,21,48,38,52,69,43,21,65,26,72,11,35,11,17,53,28,65,13,14,13,72,75,76,71,75,74
13,14,12,35,19,15,12,12,33,22,35,36,37,74,35,22,50,23,66,15,26,14,8,21,24,42,13,13,13,73,74,45,74,74,73
15,19,17,26,14,15,18,20,19,20,35,39,34,64,56,16,60,32,60,16,25,16,17,37,24,42,10,15,14,74,69,69,74,78,73
13,10,19,34,19,12,17,15,22,11,47,39,37,69,29,18,74,42,78,20,33,16,10,45,22,47,16,16,11,75,70,73,74,72,73
12,19,10,23,9,14,12,21,24,20,24,33,38,69,40,25,62,19,60,10,33,11,7,39,72,44,12,13,11,76,73,78,67,71,73
10,5,10,20,9,13,13,14,22,11,25,30,48,73,23,18,36,17,67,9,22,13,6,35,13,56,10,11,13,72,70,63,72,74,73
15,12,15,38,19,28,16,16,48,23,47,40,38,70,42,25,55,55,77,12,53,22,14,57,23,58,19,23,21,75,71,71,73,72,73
18,13,19,36,16,14,19,17,23,22,48,51,46,74,29,21,65,33,64,14,18,19,14,39,22,45,12,15,19,75,73,52,69,76,73
20,16,21,27,20,21,22,17,23,21,58,58,57,69,57,23,68,43,52,14,22,22,12,20,23,49,23,13,15,76,72,65,69,75,73
13,18,11,19,17,19,19,11,16,20,26,33,36,79,40,25,46,29,69,13,23,16,15,56,18,59,18,20,19,74,66,67,70,74,73
11,12,14,24,14,11,16,13,12,22,54,42,61,70,47,18,59,18,60,16,26,21,12,52,13,60,22,12,14,74,67,68,73,76,73
15,15,12,37,18,14,12,15,36,20,44,41,57,73,28,23,54,30,63,13,30,26,15,52,17,36,13,17,17,72,70,62,73,75,73
13,12,13,19,10,12,12,11,18,18,21,32,37,66,30,21,44,18,51,9,26,10,11,60,15,25,17,20,21,72,67,69,76,71,72
33,12,16,56,15,29,13,21,45,33,25,22,21,75,43,19,35,27,44,14,39,22,13,56,35,61,12,21,24,71,64,62,73,75,72
19,19,17,35,19,18,12,17,37,24,29,33,39,69,38,23,61,26,52,16,30,14,11,31,24,65,8,14,13,70,72,66,71,74,72
11,10,13,24,10,13,11,13,28,21,53,43,55,67,31,23,75,20,59,16,25,21,11,23,23,70,19,10,11,73,72,60,71,74,72
12,11,13,35,14,21,13,14,46,23,47,48,45,67,53,23,71,33,71,13,26,21,13,28,25,41,17,11,12,73,67,77,73,74,72
14,9,13,32,5,13,13,10,31,32,51,48,53,70,56,23,63,34,60,6,21,11,8,33,16,39,17,14,14,73,70,68,68,74,72
18,16,19,26,16,14,18,23,23,18,47,52,33,70,46,25,66,37,66,20,39,22,13,27,22,62,13,23,24,71,72,71,70,72,72
11,13,13,41,11,14,20,11,26,24,55,52,58,70,46,19,83,33,74,12,24,23,15,34,13,28,7,13,15,71,66,66,74,76,72
13,12,12,19,11,13,12,13,15,19,28,35,22,75,44,19,52,21,47,13,16,12,12,19,18,26,16,23,22,68,69,74,70,75,72
11,12,15,15,14,12,13,16,22,15,47,55,70,66,58,25,73,41,52,12,24,17,16,44,24,53,14,14,13,72,74,61,72,71,72
16,14,18,29,17,12,20,14,21,16,46,48,32,66,47,17,58,45,73,13,27,26,14,31,24,48,11,18,12,72,73,62,74,72,72
20,16,14,24,16,15,21,21,21,27,45,49,37,70,45,23,54,42,67,14,25,12,13,33,32,53,15,17,18,71,72,70,68,70,71
14,15,14,32,19,20,20,15,41,27,48,49,40,65,42,24,64,31,64,17,28,22,14,50,25,54,20,16,14,70,71,69,67,75,71
12,16,14,27,12,18,18,17,24,18,40,43,35,72,54,18,54,42,56,18,27,24,20,57,19,28,11,16,14,76,68,67,66,72,71
29,14,16,25,15,13,16,12,23,25,48,48,39,67,55,31,59,40,70,20,41,30,18,41,21,60,18,14,15,71,70,69,70,73,71
8,15,9,28,7,14,9,4,25,19,36,42,46,70,35,23,72,31,63,6,11,15,10,37,22,62,21,10,10,71,68,64,68,74,71
11,17,13,31,14,16,16,17,30,22,48,49,54,66,32,21,64,30,64,19,27,10,11,50,11,31,14,9,8,76,65,63,68,77,71
11,11,22,36,15,16,25,13,23,19,32,34,47,60,41,37,59,45,73,14,27,19,11,60,39,52,15,13,14,74,70,69,71,71,71
12,9,12,24,9,12,14,11,23,18,43,35,60,74,53,20,65,25,61,9,31,9,6,36,13,40,8,13,14,76,59,68,63,79,71
17,20,30,36,19,12,17,12,42,23,31,33,22,64,32,55,58,34,42,11,12,11,11,38,22,53,20,21,20,70,72,72,68,72,71
21,17,17,29,14,16,13,13,23,18,44,40,38,64,44,17,56,28,56,20,27,22,16,48,22,58,22,22,21,72,68,62,70,74,71
22,11,15,42,15,20,15,12,34,19,35,33,34,54,61,25,59,41,58,20,20,16,11,20,23,54,11,20,18,74,67,57,74,75,71
24,17,13,39,12,16,20,24,39,37,45,46,52,66,55,25,64,31,60,15,31,11,17,56,35,51,20,12,13,71,69,69,70,73,71
20,12,12,19,12,13,19,23,25,21,36,26,29,68,31,12,33,28,26,13,33,26,12,42,17,38,18,11,11,71,72,62,71,70,71
33,12,9,40,14,32,31,36,37,35,64,60,68,74,64,65,74,34,57,18,37,12,9,49,49,61,18,21,24,68,67,65,69,74,71
14,12,19,34,20,18,13,12,36,31,52,44,44,64,38,34,76,34,61,15,21,17,9,45,36,47,15,12,12,74,70,59,65,76,71
13,11,14,31,10,13,21,10,20,30,45,48,61,67,59,33,80,38,66,17,22,22,13,48,15,28,22,24,26,69,68,75,69,74,71
16,11,18,43,14,16,17,21,35,21,39,35,51,60,37,27,59,34,49,15,30,29,14,45,25,59,21,18,16,72,65,65,71,74,70
15,12,19,24,18,12,20,12,26,14,50,48,30,70,59,18,63,35,63,14,17,17,17,20,14,57,13,12,16,70,69,65,67,72,70
11,8,9,20,8,9,9,23,18,17,33,42,39,66,37,23,77,33,59,9,39,13,13,62,24,56,27,8,9,69,73,58,63,74,70
11,12,13,33,19,22,17,13,43,32,45,44,41,65,46,37,77,27,68,13,17,16,14,42,34,30,15,10,17,72,69,68,67,71,70
13,12,14,34,17,19,13,19,32,20,42,43,44,67,52,23,71,35,72,20,30,18,13,29,16,50,16,15,15,72,64,64,69,75,70
19,19,14,30,14,22,15,20,28,27,55,50,47,69,48,30,64,40,78,13,26,18,17,55,26,63,19,16,18,69,67,68,68,70,70
14,13,11,12,16,13,18,17,13,23,33,32,34,64,32,24,70,27,65,17,30,25,12,35,17,60,20,13,19,72,70,58,64,73,70
13,12,13,38,17,13,17,15,37,33,43,46,47,68,37,36,71,30,63,14,31,18,9,48,37,57,12,13,16,71,64,71,68,73,70
10,9,9,45,7,11,9,10,35,20,29,42,30,69,38,23,67,35,77,8,30,12,9,52,18,45,10,8,9,74,64,62,68,73,70
16,14,12,34,14,20,18,12,35,22,35,42,31,52,49,21,61,26,59,13,19,19,13,43,22,34,17,9,8,72,71,73,68,72,70
14,18,16,41,17,16,13,20,45,22,50,56,67,59,52,16,72,43,74,16,19,16,12,30,23,27,19,15,15,74,63,62,70,78,70
21,17,15,24,14,21,20,18,22,23,45,49,31,67,39,20,51,40,75,12,34,21,14,51,11,47,19,14,19,72,68,60,65,73,70
17,12,12,24,12,15,17,15,24,22,43,42,59,63,58,22,52,33,38,12,16,20,17,31,23,23,17,20,18,76,63,69,63,71,69
14,15,11,18,11,16,13,16,43,34,48,46,54,64,63,27,68,33,60,14,40,20,14,44,44,48,11,20,14,68,69,74,68,69,69
13,15,14,24,16,16,13,14,29,24,38,39,48,49,42,23,55,35,64,18,25,27,15,55,14,49,11,11,11,70,69,69,72,73,69
16,13,12,22,12,20,13,12,18,18,48,49,30,60,32,21,60,25,70,19,18,22,15,54,23,55,18,14,11,72,66,65,67,72,69
12,5,11,19,6,8,14,13,16,15,25,31,38,59,39,18,55,22,66,6,24,10,4,44,17,26,12,12,13,68,70,60,70,69,69
18,17,15,35,19,20,14,13,32,23,40,43,37,68,52,20,56,33,57,16,36,22,15,28,24,54,10,16,15,67,70,58,67,72,69
18,19,14,29,20,20,11,11,26,22,50,50,34,62,65,20,54,35,55,12,22,17,17,25,21,51,12,20,12,70,66,67,67,71,69
9,13,10,29,14,19,18,12,25,20,37,32,32,62,35,17,54,39,74,19,31,22,12,32,14,31,19,10,9,71,66,67,69,71,69
13,18,16,24,16,15,16,15,24,17,38,38,43,51,40,22,59,32,58,17,22,14,9,34,15,56,12,19,15,73,63,69,69,74,69
10,5,10,13,8,11,14,13,16,15,21,17,31,58,35,17,72,25,67,9,21,6,4,23,11,55,9,12,12,68,69,66,68,71,69
15,19,15,31,13,17,13,14,25,21,42,41,35,54,41,24,55,26,70,15,24,22,13,36,22,53,20,13,14,70,69,64,70,72,69
9,12,21,20,10,15,12,9,22,22,54,58,57,64,64,16,82,42,75,8,40,22,13,33,22,61,10,11,12,70,65,71,67,73,69
11,10,12,27,9,10,12,8,21,20,19,19,18,68,27,18,42,25,53,13,22,11,8,15,19,21,14,9,8,71,65,66,65,71,69
12,13,13,23,11,16,13,13,19,18,41,44,35,57,41,24,49,26,63,13,28,20,12,35,17,30,14,17,16,71,67,68,64,74,69
11,13,13,31,11,19,18,10,25,19,24,30,27,66,40,23,60,27,66,9,31,7,8,28,20,49,11,13,9,72,67,68,62,71,69
12,14,18,14,14,12,18,16,13,23,40,38,31,63,33,14,64,32,41,17,20,15,6,29,23,48,29,13,12,64,72,67,69,68,69
19,13,20,38,16,13,22,20,34,19,51,55,68,67,58,25,80,43,67,12,32,21,14,33,25,51,24,21,19,73,66,63,62,71,69
11,5,13,40,6,10,14,12,34,28,47,52,68,67,34,21,67,38,66,7,23,11,8,33,15,49,11,14,14,65,70,69,69,68,69
10,11,13,27,13,12,10,10,22,19,43,59,45,67,39,24,47,32,81,10,43,19,11,26,18,61,12,11,12,70,64,68,63,75,69
19,14,19,21,12,19,14,19,45,24,49,39,38,68,50,24,71,44,63,12,32,15,11,35,23,49,12,17,16,72,64,65,65,73,69
13,12,15,12,15,11,13,12,20,10,52,52,60,65,42,21,62,34,55,15,30,12,10,42,11,48,16,12,10,72,69,60,65,66,68
12,12,11,23,13,11,14,18,22,25,34,37,44,63,26,20,62,26,72,12,44,24,15,34,15,45,22,11,12,66,69,66,71,66,68
11,13,11,12,10,20,17,13,14,14,47,48,40,64,46,18,61,30,72,16,15,17,14,20,14,49,9,15,17,73,64,66,62,71,68
15,13,18,33,14,14,12,16,29,13,32,34,42,64,43,12,52,26,55,13,22,13,13,38,20,23,20,20,19,65,63,66,67,77,68
19,20,11,32,18,11,14,14,30,22,51,44,52,60,54,25,63,17,60,18,30,20,12,32,22,49,15,19,18,70,63,65,68,69,68
13,10,12,45,14,10,13,13,42,16,57,41,61,67,56,17,78,44,75,13,45,17,12,42,22,64,11,13,10,70,63,62,62,76,68
25,13,15,51,19,27,14,17,45,24,44,44,39,52,36,17,63,36,61,18,28,27,12,42,21,59,23,25,23,71,68,63,69,68,68
17,12,19,27,13,13,19,15,19,18,50,48,54,58,59,15,78,38,52,16,33,22,14,31,15,42,21,20,12,69,60,67,70,75,68
11,16,14,29,13,13,20,14,39,17,42,46,50,66,52,15,58,31,52,12,24,18,16,21,23,46,30,14,13,69,63,66,66,72,68
12,19,19,22,12,20,13,19,19,24,47,42,35,55,46,20,59,38,71,13,18,16,13,31,24,60,14,13,17,68,65,67,69,72,68
16,15,13,26,14,18,14,39,22,20,46,49,32,57,39,48,52,33,63,20,17,16,13,29,40,38,16,14,13,64,76,73,68,64,68
10,15,10,34,8,12,12,19,29,18,52,52,55,59,52,36,71,42,66,11,20,21,13,55,28,33,10,9,11,67,65,65,70,73,68
11,10,13,33,14,11,13,13,17,24,42,48,40,59,34,22,46,26,75,15,17,20,11,19,15,58,11,14,17,70,69,68,66,69,68
11,9,20,13,15,10,11,13,22,15,32,34,48,60,33,20,52,33,49,13,18,23,16,40,14,34,9,17,12,69,65,64,68,69,68
15,13,15,31,14,15,16,13,22,11,49,42,40,63,50,22,59,39,60,20,23,20,13,36,22,41,13,13,12,68,65,63,65,71,68
14,16,14,19,13,17,11,18,28,31,47,52,53,61,54,28,68,25,69,19,32,23,19,50,42,55,11,15,14,69,70,69,65,68,68
20,12,12,25,18,13,12,14,26,27,41,43,35,66,46,24,61,33,60,13,23,26,18,45,27,48,10,12,16,73,60,69,65,72,68
14,15,14,28,12,16,16,13,22,24,36,27,33,69,33,25,57,29,41,20,27,14,11,36,23,43,16,16,15,68,63,55,64,73,68
12,5,10,23,7,14,13,11,29,15,24,32,35,71,24,18,38,18,73,8,24,10,6,35,13,36,14,10,11,68,60,70,68,71,68
13,8,11,23,16,7,13,10,18,14,15,25,36,61,37,17,68,23,61,8,22,7,8,51,14,50,9,13,12,68,66,65,67,71,68
13,11,17,28,10,14,16,11,26,16,48,48,37,63,48,17,63,41,69,11,45,20,12,18,17,61,19,15,18,66,65,61,67,72,68
20,11,15,43,14,21,11,11,46,25,46,55,59,65,48,25,71,42,62,20,34,17,12,33,15,49,15,11,12,77,64,66,62,65,68
16,15,14,27,15,15,14,13,24,23,42,50,39,67,35,22,65,39,69,12,44,15,11,17,23,13,12,12,14,68,67,60,68,69,68
14,11,17,28,11,17,20,11,26,30,54,51,40,63,69,28,68,34,61,17,24,20,14,38,29,47,19,20,20,70,65,70,62,71,68
17,14,18,27,16,11,20,18,17,25,42,46,36,65,52,24,57,31,35,12,16,22,19,21,23,36,27,14,15,67,65,71,67,69,68
19,13,11,50,16,11,19,20,22,23,36,41,41,63,38,11,61,30,55,11,28,12,10,58,24,50,15,17,19,70,60,70,65,73,68
15,15,13,29,12,15,12,18,26,5,48,48,49,63,59,19,58,35,69,14,20,25,13,34,21,54,12,15,19,66,65,60,66,69,67
12,6,8,7,6,6,8,9,12,11,39,35,39,67,55,14,36,34,27,10,35,14,13,33,13,63,18,9,10,66,61,59,68,69,67
20,19,18,23,17,13,17,14,26,25,48,46,49,56,54,21,53,42,65,20,20,17,11,32,29,47,10,15,18,67,63,70,67,69,67
12,15,12,25,20,12,12,15,19,24,46,44,48,56,31,18,67,36,72,14,37,23,12,13,14,43,13,15,12,67,66,61,67,69,67
16,25,20,18,22,22,17,15,15,15,54,35,61,55,50,15,67,37,64,18,37,24,12,48,20,51,8,15,18,65,63,61,64,77,67
17,16,18,24,16,17,14,14,18,23,39,44,32,60,40,22,68,38,69,14,27,19,13,27,15,39,19,16,12,68,66,71,64,70,67
12,6,11,17,6,14,13,13,27,16,35,41,24,46,38,21,51,23,58,6,28,6,8,35,13,22,19,12,12,71,64,67,66,75,67
20,14,17,29,11,11,21,29,28,31,42,53,50,61,52,32,70,41,60,12,39,20,12,53,44,47,11,21,20,68,66,61,66,68,67
11,14,15,26,19,18,12,17,18,25,40,46,36,64,41,22,60,39,50,11,21,22,12,41,25,67,4,19,16,68,64,59,63,70,67
12,19,17,22,10,16,14,10,18,20,42,45,39,65,41,24,38,32,28,17,19,23,18,34,23,50,13,15,10,69,63,63,66,69,67
11,10,14,23,13,11,15,14,20,22,48,46,58,63,42,22,75,18,63,18,23,17,11,32,14,46,18,18,16,70,61,66,63,71,67
11,15,19,23,13,16,13,24,21,18,22,19,24,65,53,23,32,29,24,15,21,17,19,31,20,62,21,14,11,60,69,73,66,68,67
13,13,12,18,14,13,14,14,17,22,41,44,55,62,50,23,52,39,55,15,12,24,13,14,22,47,15,12,13,65,67,66,65,69,67
20,18,17,24,19,20,13,14,22,20,23,20,23,66,48,23,33,18,68,14,13,10,10,43,25,33,24,15,14,65,62,67,67,72,67
20,11,11,28,18,12,12,11,35,21,44,37,47,63,41,20,57,27,54,13,30,17,11,37,24,48,15,14,17,66,70,65,68,64,67
19,2,5,20,8,4,20,21,19,13,34,38,37,59,32,3,55,24,65,10,36,13,13,32,24,35,13,8,7,72,66,59,67,66,67
9,9,8,29,10,16,13,18,28,21,44,49,41,63,49,23,62,28,69,11,31,19,11,52,33,37,15,9,9,72,63,57,62,70,67
13,13,14,32,10,14,13,9,32,16,38,42,23,67,51,21,60,21,74,13,23,21,15,44,16,59,15,17,16,68,66,63,62,69,67
15,17,15,26,15,14,17,13,32,20,38,39,47,63,40,34,65,40,68,11,27,17,5,27,14,37,16,12,16,70,63,65,64,71,67
18,14,22,37,16,19,23,22,32,22,60,58,66,69,54,26,71,32,61,18,28,13,9,48,37,41,12,21,18,71,59,63,62,70,67
13,16,17,34,15,13,13,12,33,21,41,43,34,62,43,24,51,30,65,17,18,18,17,38,23,47,12,18,16,68,65,64,65,69,67
13,18,9,34,16,13,13,12,26,29,43,45,52,65,30,21,67,32,55,13,32,26,13,24,13,51,21,13,12,66,64,62,64,73,67
12,6,13,28,6,11,12,13,32,18,35,37,40,65,27,27,55,27,75,10,42,10,8,40,17,58,20,15,12,67,64,54,62,69,66
18,14,13,18,15,15,15,15,25,19,30,33,38,53,39,20,58,28,65,14,30,13,12,33,18,50,20,13,12,67,67,63,65,68,66
18,10,12,29,11,9,12,15,23,18,39,45,27,66,21,16,62,35,82,10,39,24,15,21,18,38,11,17,14,67,64,65,66,64,66
19,17,14,28,19,15,16,14,22,19,39,39,46,61,35,23,53,34,69,14,34,17,7,44,23,39,10,17,17,68,61,59,67,69,66
20,8,18,31,17,21,19,9,26,21,49,61,35,58,66,23,60,39,69,5,25,17,8,23,23,51,17,19,20,65,66,60,60,72,66
15,14,11,32,14,15,13,11,33,32,32,32,47,64,44,33,50,27,59,12,23,15,7,26,25,46,30,13,15,67,66,58,65,66,66
13,5,20,36,17,21,15,19,26,23,45,37,57,47,33,37,63,25,54,19,16,13,6,35,15,53,16,20,13,68,68,59,62,72,66
14,8,15,19,9,14,11,8,17,15,19,26,29,54,28,26,48,23,75,10,19,9,7,21,10,57,13,14,11,62,68,67,62,73,66
11,12,10,23,19,13,16,20,24,23,40,37,50,62,35,40,58,34,63,17,40,24,14,30,23,54,10,12,13,67,64,72,66,62,66
11,18,14,28,18,11,11,13,27,20,47,41,40,61,38,17,55,44,65,16,25,25,15,59,12,30,15,11,12,68,67,62,64,63,66
16,18,15,35,12,25,20,15,32,31,45,48,44,60,31,21,65,30,63,16,25,25,12,57,21,54,17,14,16,66,64,65,66,68,66
13,5,10,24,9,11,13,10,22,15,33,15,29,60,41,23,67,18,73,6,26,13,6,44,16,45,10,11,10,68,60,68,66,69,66
15,12,17,13,12,17,12,15,34,22,62,45,56,68,23,20,61,37,65,11,32,13,13,50,19,65,20,17,24,66,64,70,61,64,66
18,16,16,27,16,16,16,17,24,19,38,40,37,59,33,20,52,33,67,16,25,15,12,36,22,52,11,11,14,63,66,67,64,68,66
19,19,13,31,15,18,17,20,20,16,37,42,33,57,30,22,52,44,76,18,19,18,19,32,23,46,16,14,13,64,66,65,69,67,66
13,12,18,27,19,12,18,12,32,20,42,44,30,62,41,21,61,42,75,15,30,24,17,54,21,46,10,13,17,65,66,62,66,64,66
20,14,17,25,13,13,14,16,18,23,25,31,32,57,40,20,42,22,36,18,26,13,6,34,22,33,28,18,16,67,65,63,64,68,66
9,12,11,26,9,10,13,13,23,22,35,60,33,57,56,21,54,43,55,17,23,26,13,57,19,57,25,14,12,67,64,65,65,67,66
15,14,18,27,13,12,18,18,18,27,38,36,42,71,40,21,55,30,65,16,29,11,8,39,26,55,11,14,14,67,67,59,61,64,66
10,7,13,16,8,13,13,13,19,10,28,32,41,64,41,23,68,19,62,8,17,7,5,33,14,27,11,10,13,65,63,60,64,70,66
13,15,15,25,11,19,16,19,17,25,43,47,34,58,44,21,50,33,50,15,20,18,12,21,20,36,17,19,14,68,61,52,62,71,65
28,20,30,25,20,7,12,23,45,23,41,48,69,68,57,42,56,25,55,20,25,16,15,62,29,55,12,11,13,66,61,63,65,61,65
22,7,4,16,8,5,14,11,14,21,30,35,26,48,26,2,30,32,35,5,34,30,14,44,13,41,9,2,4,61,66,66,71,67,65
18,10,13,29,12,15,18,11,29,23,38,33,58,60,41,14,69,26,67,15,19,23,12,28,19,45,25,15,19,64,66,65,65,64,65
14,9,10,29,8,13,11,12,24,17,25,25,23,53,42,18,59,22,64,6,16,10,4,37,17,43,15,13,12,70,72,56,63,60,65
18,12,17,32,20,21,18,20,25,25,58,43,32,58,60,19,50,34,58,19,27,24,15,13,26,35,15,20,18,70,59,58,60,72,65
11,6,13,15,6,10,11,10,23,11,27,33,60,56,46,24,70,44,66,5,41,8,8,30,19,54,18,11,11,66,62,64,60,70,65
23,11,23,29,19,30,22,40,28,30,52,56,55,65,62,40,65,40,65,18,30,14,12,64,11,45,27,24,22,64,63,62,67,63,65
12,9,30,20,9,13,11,13,32,14,39,37,28,64,43,22,62,45,70,7,44,12,7,46,29,57,12,13,12,67,61,61,63,65,65
16,18,19,34,20,16,20,14,30,24,48,44,54,61,34,24,61,33,76,16,34,24,15,50,25,47,10,16,18,66,64,64,63,64,65
15,14,12,18,13,13,12,15,11,12,54,59,41,65,54,16,57,34,50,11,40,26,13,33,21,45,14,15,14,68,61,68,62,64,65
18,18,11,15,13,16,11,15,19,11,44,43,50,54,48,11,62,34,55,16,18,16,13,50,16,45,25,10,11,64,65,62,65,67,65
14,11,12,31,13,13,17,16,26,22,42,40,40,59,50,24,60,28,59,12,23,12,15,27,32,31,10,13,12,68,63,56,55,68,64
12,14,15,12,13,13,18,14,13,15,31,37,69,61,45,13,57,21,65,11,18,12,13,54,20,61,28,14,15,61,66,62,65,63,64
15,8,14,23,14,13,14,15,24,23,49,52,41,63,52,22,71,39,71,15,37,22,9,12,22,66,25,20,21,63,65,61,66,60,64
13,17,14,35,14,15,18,12,20,16,53,47,35,55,45,23,62,37,61,18,22,25,15,30,23,44,25,18,14,65,64,63,61,68,64
19,18,15,26,13,16,11,19,21,25,41,49,37,57,47,25,56,43,49,11,23,19,18,24,21,37,20,12,12,66,61,57,65,66,64
14,15,12,35,15,21,14,12,35,24,38,36,35,60,56,18,68,34,60,15,31,25,15,47,21,59,17,20,15,65,63,64,63,60,64
11,13,13,33,14,11,14,13,35,19,54,42,56,61,55,21,71,38,64,15,37,23,13,43,17,61,14,14,17,65,61,61,62,64,64
19,19,12,29,13,13,12,20,19,11,46,45,39,54,50,17,72,27,53,14,20,21,11,30,18,56,13,19,16,64,66,62,61,64,64
16,17,17,27,18,20,18,16,19,18,44,44,31,50,60,24,53,30,56,12,25,18,19,48,23,33,18,17,15,66,63,66,62,66,64
20,13,11,13,12,14,15,12,16,19,46,54,52,59,25,24,66,43,33,12,28,22,13,50,13,48,9,12,19,61,59,57,65,71,64
9,15,12,26,14,14,14,11,31,21,35,36,48,59,53,13,51,23,60,12,20,22,17,52,18,63,26,15,15,65,63,62,64,62,64
13,18,18,18,20,16,20,14,29,19,34,33,35,53,41,26,48,19,60,16,21,15,9,30,23,43,16,25,25,68,58,57,63,68,64
17,13,13,28,15,17,19,12,18,23,52,50,62,57,53,19,64,39,53,16,28,22,14,28,23,42,11,16,14,68,59,62,59,68,64
9,10,8,19,11,9,17,9,22,18,31,34,31,64,28,19,51,28,59,15,36,15,9,34,20,43,11,9,10,67,53,69,64,67,64
8,20,11,34,14,21,10,12,38,25,30,36,28,63,32,23,41,37,64,12,39,22,13,45,14,50,12,13,12,65,60,58,63,67,64
13,12,13,33,20,16,13,10,32,14,52,49,44,57,39,19,62,37,72,15,33,16,15,39,15,56,12,19,16,65,62,60,62,66,64
13,10,14,22,17,11,16,12,17,22,49,49,30,62,66,34,57,35,53,13,19,17,15,13,21,40,21,20,13,66,60,53,63,66,64
15,11,11,22,11,11,17,17,25,22,34,33,39,50,32,15,42,29,75,11,18,10,11,31,20,50,11,11,11,68,63,60,62,65,64
19,18,13,29,18,15,19,19,27,22,53,55,28,62,53,19,61,26,68,12,35,22,14,25,22,56,22,13,13,62,66,58,63,61,64
15,9,16,31,10,10,10,9,19,22,49,50,37,55,57,23,59,27,77,8,19,21,18,11,15,52,10,19,18,66,61,61,65,66,64
17,13,19,20,18,15,17,17,25,17,35,30,47,62,45,20,62,31,67,12,37,16,15,49,17,60,11,11,11,64,61,62,64,65,64
14,13,15,28,12,12,18,15,22,33,38,33,39,62,49,26,60,30,68,12,23,26,13,35,24,44,17,17,12,61,63,61,63,68,64
14,6,11,19,8,12,9,11,16,16,48,49,50,65,61,14,75,39,65,7,20,11,9,37,19,61,9,8,11,59,47,66,72,74,64
10,5,12,23,8,13,11,13,22,16,39,33,55,65,42,22,67,26,52,5,21,6,5,34,17,42,13,13,12,60,62,58,55,69,63
11,8,12,25,6,12,10,14,25,19,25,30,33,48,26,20,41,28,63,7,28,12,7,45,16,32,12,13,14,64,63,60,66,63,63
10,7,11,17,9,8,13,16,12,10,41,48,39,71,40,9,50,51,76,6,47,10,8,59,18,58,25,11,14,68,59,47,60,58,63
16,11,13,30,11,13,11,14,32,35,42,48,40,68,50,20,59,41,65,11,35,19,11,34,11,58,24,15,13,62,57,57,61,64,63
17,14,18,27,15,12,12,16,18,24,40,37,30,56,37,18,56,30,44,15,20,20,10,29,19,29,16,18,21,62,64,68,60,66,63
14,15,12,24,17,16,14,14,25,13,25,23,35,53,42,15,64,20,38,19,19,12,15,49,16,48,14,10,10,63,59,59,65,66,63
14,13,12,33,13,21,12,12,25,34,43,46,63,55,43,22,74,28,72,16,37,15,14,43,41,43,12,11,16,65,60,61,61,64,63
14,14,17,29,16,12,20,15,24,25,57,58,36,59,41,20,54,38,72,20,27,20,17,16,26,50,10,16,13,65,59,54,61,67,63
14,17,11,30,14,18,16,13,21,19,47,45,37,48,47,18,52,45,65,18,19,21,15,11,25,43,14,20,17,65,59,68,65,66,63
16,16,14,24,16,13,21,14,23,19,40,42,34,62,48,23,54,27,67,15,17,21,17,25,28,38,16,16,12,61,61,60,62,63,63
22,11,5,24,8,6,24,15,33,14,30,34,32,64,55,9,58,44,45,12,25,17,12,47,23,56,13,5,8,65,55,58,62,65,63
20,17,12,28,19,19,17,17,16,16,48,42,56,55,40,25,48,36,63,11,24,14,6,24,30,46,16,18,11,64,59,63,59,68,63
15,12,20,24,12,13,14,11,23,22,40,47,38,66,31,23,64,30,71,13,37,16,14,28,22,40,16,11,11,62,64,35,64,64,63
11,7,14,22,9,9,11,12,16,13,28,31,32,59,26,23,63,33,69,11,23,11,8,31,23,56,10,14,13,64,59,58,64,64,63
14,13,12,25,20,17,17,18,19,22,44,46,59,53,58,18,50,28,57,15,18,18,11,31,20,43,17,16,16,62,63,57,62,66,63
11,8,14,33,11,14,13,16,24,26,43,40,45,53,56,19,62,39,59,12,24,16,12,43,15,53,17,11,14,68,59,70,62,63,63
11,7,14,21,9,11,12,11,16,10,26,15,39,63,44,15,59,16,51,6,27,14,4,26,19,24,6,11,10,66,58,49,64,63,63
11,5,11,26,5,9,11,12,25,15,29,22,27,66,43,15,56,20,47,8,28,10,7,51,17,38,11,10,14,57,61,61,62,63,62
14,9,16,29,11,16,17,14,26,13,18,26,42,58,31,22,34,28,74,10,27,15,7,40,17,36,10,17,13,66,62,59,57,63,62
13,7,10,27,9,12,10,10,23,22,19,15,29,51,24,23,39,37,67,7,28,8,6,40,16,33,9,14,14,64,62,67,60,62,62
14,18,16,26,12,14,15,15,20,20,43,48,59,60,57,21,69,43,80,20,21,25,14,51,19,60,20,15,19,61,56,67,63,64,62
19,12,13,28,18,21,12,16,26,26,43,47,35,53,46,22,56,44,69,20,21,24,13,32,24,35,23,20,15,58,60,63,65,63,62
11,8,10,28,9,11,14,10,23,25,36,30,32,55,54,19,59,28,65,10,20,15,10,30,15,48,8,11,10,62,63,60,60,63,62
15,12,20,32,18,20,14,14,27,23,49,43,31,57,62,18,58,22,58,13,23,21,17,19,22,50,14,19,21,64,61,61,57,62,62
13,16,10,25,14,17,18,15,24,19,40,42,35,53,61,22,56,23,46,14,24,26,17,11,27,50,22,12,12,63,54,58,60,71,62
11,12,14,16,16,24,13,13,14,34,51,43,52,58,45,22,56,29,57,18,34,27,12,49,41,51,20,12,12,66,60,62,56,62,62
10,11,11,25,20,17,16,11,21,24,43,42,38,55,47,34,63,33,62,17,24,15,9,20,36,25,12,13,12,66,61,55,53,68,62
13,14,17,32,10,13,12,15,34,36,39,46,37,54,47,39,69,27,35,12,20,14,8,42,24,47,14,15,13,62,59,68,60,67,62
9,6,18,31,18,8,9,6,26,25,40,44,39,51,57,20,52,32,53,17,23,13,12,31,26,42,15,17,20,63,62,56,62,63,62
15,11,15,35,14,17,17,10,15,20,52,45,35,59,61,28,72,41,66,19,15,17,11,36,23,35,20,25,22,62,61,59,62,61,62
15,11,16,26,18,8,14,16,18,25,42,46,38,52,44,25,56,30,53,15,18,22,15,33,24,36,30,17,17,63,61,59,61,64,62
15,14,25,21,18,28,16,29,19,26,33,36,45,50,52,35,58,35,51,19,35,12,5,44,28,44,14,11,19,63,59,57,60,70,62
17,14,11,37,16,11,11,11,39,17,44,32,56,58,54,25,58,40,45,15,31,22,14,38,19,43,16,14,12,65,56,58,62,65,62
18,11,14,22,13,22,19,14,19,18,29,22,33,52,22,14,44,42,74,12,22,19,11,41,22,42,8,13,15,64,69,58,55,62,62
8,9,18,64,8,7,6,34,40,14,45,42,46,50,42,13,64,37,63,7,41,28,19,52,18,53,9,21,21,65,61,62,62,62,62
14,10,18,27,10,12,10,11,20,12,46,48,54,58,42,48,48,25,62,10,17,20,10,53,11,59,17,21,22,63,58,59,60,67,62
13,12,11,18,13,15,15,13,20,17,38,20,40,62,35,20,45,30,58,15,28,12,10,45,20,48,21,20,15,63,59,53,59,64,62
13,18,16,24,17,18,18,16,21,26,25,27,32,58,32,22,42,25,43,17,21,9,4,33,27,39,21,20,19,65,61,59,57,62,62
10,6,14,18,8,6,11,10,15,12,28,26,33,56,42,24,58,19,43,7,23,10,6,30,15,31,20,14,13,54,65,63,64,56,61
13,9,13,14,7,8,12,13,18,13,33,31,39,54,35,17,45,33,58,10,15,9,9,42,12,41,19,11,13,66,57,60,55,64,61
14,11,13,30,10,14,12,14,31,31,36,40,28,46,31,21,58,31,52,12,25,12,7,37,11,35,12,13,12,63,62,62,61,63,61
14,13,16,30,20,14,14,14,24,27,44,47,37,47,57,25,50,21,60,18,22,21,12,19,32,41,14,10,13,63,60,61,58,64,61
11,17,17,29,12,14,13,16,22,22,35,39,37,52,37,20,51,24,57,13,18,15,15,56,24,41,13,16,19,66,58,59,58,64,61
15,19,22,40,12,22,19,23,38,32,59,58,52,55,57,32,58,35,59,20,30,27,12,49,29,47,25,16,18,64,56,55,60,64,61
20,11,12,22,12,9,21,22,12,19,45,39,60,70,54,24,68,32,68,19,20,12,6,13,12,15,8,17,16,58,53,52,67,60,61
9,9,12,20,7,12,10,13,17,13,39,38,37,56,40,14,59,28,61,11,27,14,8,28,19,31,15,9,10,61,59,61,58,62,61
15,16,18,26,13,14,13,18,24,21,42,43,38,57,38,18,51,29,57,15,22,16,12,30,24,24,14,17,16,60,59,56,60,65,61
11,6,10,27,8,14,10,13,23,18,29,20,21,55,23,20,31,19,69,9,24,6,8,35,17,41,19,10,13,63,59,56,61,59,61
21,14,15,29,17,17,20,13,21,16,48,40,30,54,51,21,51,33,65,20,21,25,17,38,24,42,15,19,14,63,61,57,57,62,61
17,8,17,29,13,12,16,10,25,17,37,42,42,58,44,19,58,25,57,11,34,9,11,37,31,36,14,17,13,62,60,56,56,66,61
14,9,14,27,8,12,12,10,25,23,34,28,31,44,41,17,65,26,48,9,25,12,4,39,11,42,21,13,14,65,60,56,60,64,61
10,9,9,38,10,10,18,12,33,14,47,41,52,52,38,22,62,33,43,8,16,25,11,18,22,43,12,13,12,65,58,55,60,60,61
12,6,12,29,7,11,13,12,27,17,20,26,33,50,33,23,49,18,40,5,22,13,8,29,17,21,6,13,12,65,58,66,57,60,60
18,19,18,38,15,22,19,20,31,21,48,51,38,61,28,38,62,42,71,20,37,26,19,29,25,46,16,22,18,59,57,58,58,62,60
19,14,17,25,11,19,12,12,23,16,43,43,35,55,34,21,54,33,73,14,18,18,10,31,18,45,17,19,11,63,60,52,58,58,60
13,10,15,20,7,15,12,14,22,11,15,22,38,51,49,18,59,30,35,8,25,10,11,50,15,37,11,13,14,60,65,56,59,56,60
18,11,18,28,15,17,16,15,21,24,44,46,38,56,50,21,54,33,52,11,22,16,9,29,22,44,29,12,11,63,55,59,55,63,60
11,9,14,21,5,8,10,13,25,11,31,19,26,47,37,24,50,45,69,7,19,10,12,38,12,22,12,10,13,62,59,59,60,62,60
12,8,14,28,6,6,10,11,25,15,50,40,56,61,52,21,71,27,53,9,17,16,8,42,21,42,10,12,14,63,57,54,58,60,60
11,10,15,26,7,16,12,14,22,17,25,28,40,53,44,24,48,21,59,9,17,8,7,28,18,37,7,13,12,65,56,57,57,62,60
11,9,14,15,6,11,11,14,22,16,27,20,35,57,31,20,45,16,52,7,23,6,5,33,18,43,14,14,12,61,59,55,58,62,60
11,8,13,21,5,10,10,13,45,19,20,26,23,40,46,19,57,41,45,9,26,16,6,46,12,33,13,20,23,63,60,66,57,66,60
7,11,11,23,8,9,17,18,22,21,31,38,30,61,36,23,62,22,69,12,43,23,12,57,22,51,19,9,8,54,63,50,66,56,60
11,8,12,22,9,9,12,12,20,18,42,45,40,58,32,23,54,24,58,6,34,12,12,50,14,46,19,12,15,58,61,54,59,58,60
9,11,22,16,12,12,10,14,20,14,42,33,46,53,55,16,41,38,53,12,28,27,10,16,19,52,13,13,11,58,63,58,61,58,60
14,10,17,26,9,16,14,15,24,22,49,46,44,60,55,22,62,35,43,13,23,15,12,35,17,43,15,14,13,62,54,58,57,61,60
12,10,12,25,9,12,11,14,24,13,22,31,38,57,45,17,54,40,45,7,28,13,7,50,13,40,10,14,13,60,63,62,55,57,60
14,9,16,22,16,14,15,13,21,25,24,31,40,56,56,20,60,27,54,11,19,12,7,20,23,34,10,19,15,62,56,61,58,62,60
15,7,15,20,7,9,15,11,28,11,25,17,22,55,26,25,61,20,55,11,15,15,6,28,10,23,10,12,14,63,59,57,54,62,60
11,10,10,30,5,16,19,13,28,25,38,30,37,51,35,25,82,28,51,7,19,10,7,28,10,39,12,11,11,63,58,57,55,64,60
18,18,18,26,16,14,20,18,19,21,38,34,32,54,36,20,53,21,75,17,28,17,11,19,20,27,8,17,17,62,60,58,57,61,60
14,8,13,29,10,10,14,14,22,12,30,30,32,53,32,23,60,28,63,10,25,15,7,42,12,49,8,14,12,57,61,57,60,61,60
18,17,12,25,14,14,16,17,27,20,46,45,36,56,56,21,52,30,65,17,24,23,13,14,26,54,25,15,18,60,60,58,59,60,60
14,14,15,26,13,14,13,15,24,19,30,31,36,53,42,20,48,32,79,14,18,20,11,32,18,39,20,14,16,61,57,58,58,60,59
19,16,16,27,19,15,20,19,17,21,48,47,39,53,57,25,55,35,62,17,22,17,20,32,17,43,15,12,13,57,60,59,57,62,59
14,15,15,25,11,12,11,13,21,16,45,49,40,48,45,12,54,37,58,13,17,11,11,33,13,38,18,16,13,60,58,59,59,60,59
10,19,20,54,11,15,14,18,51,36,34,36,68,53,54,20,56,35,60,14,36,16,13,45,23,54,12,13,16,60,59,60,57,58,59
11,7,12,23,6,12,11,14,27,13,27,22,22,54,39,17,51,27,66,6,16,11,5,21,19,38,10,10,12,57,59,55,54,64,59
12,15,13,20,16,11,14,15,21,17,34,36,44,46,33,15,53,36,78,16,16,21,13,46,15,44,20,12,10,59,57,62,63,59,59
11,8,13,27,8,15,15,15,22,17,26,28,56,45,53,26,65,33,45,9,29,9,6,55,12,40,16,12,15,60,58,59,59,63,59
12,7,12,19,5,7,10,14,24,15,31,28,39,58,31,20,46,20,40,6,23,9,6,32,19,43,10,14,12,60,54,56,57,63,59
13,17,13,19,20,12,10,11,19,21,51,52,55,44,39,23,45,45,69,20,17,20,15,25,15,39,12,10,12,59,58,53,59,63,59
12,6,10,17,10,9,13,11,19,12,22,28,26,48,40,21,41,26,58,10,26,15,6,35,16,28,13,11,12,63,51,57,58,64,59
16,16,20,23,13,15,19,17,24,23,45,46,34,43,63,39,47,37,54,12,21,20,15,19,30,39,20,13,14,60,59,60,58,63,59
14,20,20,28,14,19,12,21,20,26,40,43,34,54,58,21,57,20,57,17,20,19,16,20,26,28,11,18,19,63,53,53,54,65,59
19,18,11,29,13,12,20,11,16,20,49,42,37,53,54,20,63,41,45,19,17,24,19,48,17,36,23,13,20,58,59,53,60,58,59
11,12,9,22,11,13,12,11,21,21,36,47,51,47,55,21,69,29,59,9,34,16,11,39,22,29,21,8,11,61,58,54,54,64,59
15,9,13,24,10,14,13,14,19,21,25,28,32,52,36,21,54,22,49,11,17,10,7,33,23,39,12,18,14,62,56,58,59,59,59
13,9,12,24,14,12,13,11,23,22,53,59,55,54,51,22,43,23,67,14,15,13,12,14,12,57,17,13,12,59,57,60,60,59,59
17,11,15,31,15,13,16,18,22,21,44,43,41,58,62,20,60,40,65,14,21,15,12,29,24,39,12,16,17,61,54,55,57,60,59
20,19,19,26,11,19,20,18,25,18,40,40,38,51,41,16,59,25,58,18,18,25,20,11,27,48,16,19,19,62,57,56,53,62,59
21,15,17,24,20,22,20,21,22,28,34,46,41,57,57,43,53,43,56,20,21,22,8,32,20,42,8,19,22,58,58,57,56,59,59
14,10,19,23,18,11,13,14,20,17,34,39,25,53,18,17,44,22,69,18,44,15,9,23,11,44,24,18,14,57,59,60,56,55,58
18,18,15,30,17,14,20,17,22,27,44,43,30,51,53,21,54,30,67,20,21,19,12,36,30,57,16,17,17,56,53,54,63,60,58
10,8,11,28,9,10,10,11,17,17,30,23,33,51,24,15,34,27,60,7,28,7,6,36,18,23,5,14,10,52,57,59,54,67,58
10,2,12,28,9,14,10,11,25,11,24,28,26,56,21,20,43,27,71,6,22,8,8,39,16,25,5,10,12,58,58,59,55,57,58
11,8,13,25,5,10,11,13,28,11,25,22,37,39,23,19,30,24,46,9,27,12,7,38,18,41,9,14,14,59,58,56,59,61,58
14,6,12,18,8,5,10,13,29,15,33,25,25,56,32,21,45,17,30,8,20,10,4,42,18,57,24,12,12,57,57,56,56,57,58
17,7,16,29,7,15,16,15,23,12,18,25,32,45,26,24,32,26,58,9,21,11,8,45,12,49,23,20,16,58,59,55,55,61,58
10,8,14,19,6,14,10,14,18,18,27,30,35,58,47,23,67,21,54,9,17,10,7,46,16,38,19,13,13,53,58,49,60,59,58
14,6,14,23,6,10,14,13,19,17,22,29,36,42,22,25,36,21,64,9,17,8,7,40,13,30,7,14,13,58,58,60,60,58,58
10,5,10,21,7,13,10,9,18,15,30,32,30,60,26,24,32,24,54,8,20,13,4,30,13,40,7,12,14,62,52,53,56,58,58
14,6,13,15,5,9,13,10,27,12,38,32,22,53,43,18,62,34,60,9,23,12,4,27,10,37,8,12,14,62,55,58,58,55,58
11,6,15,22,8,13,14,11,28,12,31,20,32,45,27,26,35,20,73,7,28,14,5,31,12,49,10,14,12,60,64,52,58,53,58
14,10,14,18,10,11,13,12,15,13,31,15,39,62,28,24,37,20,57,10,25,13,10,28,10,43,10,13,13,59,48,52,54,64,58
11,8,10,24,6,14,11,11,27,11,18,26,25,38,26,24,32,25,62,9,17,14,8,21,14,32,10,12,10,64,58,56,62,55,58
14,11,16,30,9,12,16,15,19,13,25,28,38,46,56,17,57,19,55,8,27,13,9,36,30,45,14,16,15,59,58,55,56,61,58
13,9,12,24,5,10,12,12,17,12,33,28,39,50,46,20,57,30,45,6,16,12,6,37,17,45,20,14,12,61,54,55,57,62,58
11,7,13,15,8,8,13,12,24,17,43,36,42,40,49,17,58,16,40,6,19,6,6,46,13,38,20,11,14,62,58,59,58,59,58
11,9,11,23,7,14,19,6,24,26,48,38,25,56,53,24,60,40,57,15,17,18,7,21,10,27,28,19,19,54,60,56,55,58,58
12,8,14,22,7,8,10,9,20,18,27,36,32,51,33,25,58,19,70,13,31,12,8,28,14,22,15,14,13,61,51,57,47,70,58
21,16,18,29,14,15,17,13,21,17,42,47,48,54,44,19,68,41,59,15,26,19,20,30,23,38,10,17,14,56,57,54,56,59,58
16,13,11,29,14,11,16,11,30,23,38,34,47,51,50,16,58,18,64,12,32,17,12,31,21,49,9,12,17,61,56,62,55,60,58
25,12,20,37,11,16,15,9,38,15,48,41,32,64,55,29,69,42,57,13,20,26,16,18,24,57,14,14,13,58,56,55,53,58,58
11,8,10,28,9,11,12,13,22,16,22,30,31,53,49,21,60,22,40,5,20,7,5,33,19,46,15,14,13,54,54,62,61,53,57
12,9,14,30,7,14,16,15,25,18,21,26,36,56,24,19,38,29,64,8,28,15,7,38,14,39,8,15,11,57,54,55,54,61,57
13,6,19,21,15,7,19,16,25,19,42,46,37,55,59,21,64,28,47,15,11,13,5,15,14,51,8,8,9,62,49,55,50,64,57
10,8,14,28,8,13,11,10,15,16,18,15,30,42,33,18,43,19,80,6,22,8,7,35,16,38,9,12,14,62,56,53,57,56,57
10,7,13,20,7,11,13,12,20,15,32,28,35,45,33,19,42,18,63,9,21,13,6,42,19,38,8,10,14,61,58,55,54,58,57
15,17,12,28,17,19,16,13,20,19,41,45,36,59,41,24,58,35,68,11,17,17,15,51,16,56,25,13,17,58,55,54,53,58,57
14,16,14,33,14,15,19,16,30,20,61,50,60,62,62,23,73,30,56,20,32,27,13,13,20,42,10,21,25,58,54,51,54,58,57
13,14,17,24,14,17,17,15,21,22,34,32,30,38,30,21,39,18,34,14,21,7,6,19,21,22,11,17,16,60,57,58,59,58,57
12,15,15,16,18,13,19,15,21,12,32,28,45,44,41,16,51,38,72,18,15,13,11,45,13,37,26,11,16,60,63,55,49,60,57
14,5,14,26,5,11,14,13,17,17,42,39,28,50,41,25,62,28,50,8,23,12,6,27,19,37,15,12,14,64,55,54,54,54,57
17,11,16,24,12,14,19,10,18,24,39,35,52,47,44,20,50,33,53,17,38,11,4,30,23,37,9,21,13,59,56,50,56,60,57
10,8,11,28,8,12,11,9,27,17,28,38,29,49,22,21,58,25,60,10,34,12,5,44,15,37,11,14,15,62,58,53,52,57,57
13,8,13,28,8,7,12,14,29,15,26,29,22,45,22,18,31,32,65,7,26,6,5,14,12,37,8,13,11,59,60,54,52,57,57
12,6,13,29,5,9,14,14,26,14,32,23,26,49,48,17,64,20,51,6,26,13,4,22,12,31,9,10,12,59,52,48,55,57,56
12,9,14,22,12,13,10,11,20,14,41,40,45,55,48,18,61,25,57,11,19,13,8,26,14,25,15,11,12,57,53,51,52,60,56
12,9,13,25,9,10,13,12,28,13,29,26,28,55,38,21,40,22,41,8,21,10,6,18,25,32,8,8,15,60,60,54,50,51,56
11,7,13,23,8,13,11,10,21,17,19,24,24,52,48,19,60,20,42,6,24,10,4,35,16,39,12,12,11,50,58,48,57,58,56
12,6,11,26,8,8,11,13,28,12,21,18,32,39,22,22,36,26,45,7,26,11,9,27,16,22,8,13,10,62,51,61,54,62,56
10,10,11,18,9,11,10,11,21,14,31,36,34,56,51,13,63,17,58,8,16,8,7,34,12,15,9,13,11,61,51,49,51,60,56
10,9,13,26,6,6,11,11,20,13,34,32,26,48,41,20,55,27,40,5,21,10,4,42,10,34,5,12,11,59,57,51,52,58,56
20,16,19,26,16,12,16,13,23,25,46,45,32,53,40,19,56,18,63,17,22,23,16,25,17,52,16,13,17,60,49,52,52,61,56
11,10,13,28,7,12,11,14,20,15,32,26,28,51,49,19,64,20,62,9,25,14,8,38,11,39,11,13,11,54,58,54,54,57,56
15,12,15,17,14,12,13,14,29,18,27,24,26,47,26,22,38,29,62,14,23,14,12,39,16,29,12,15,12,58,52,56,59,54,56
13,10,7,38,12,24,14,11,35,26,41,44,47,41,52,29,58,37,40,12,31,15,10,45,16,36,10,17,15,55,56,54,54,56,55
15,13,20,24,12,22,17,13,30,28,22,24,32,48,17,20,30,27,59,16,24,15,8,31,19,33,17,12,13,48,54,56,58,57,55
11,6,14,17,7,10,9,11,26,15,29,27,25,54,34,16,55,30,55,6,32,15,3,38,14,37,16,9,13,56,52,58,52,57,55
13,10,14,29,8,12,13,13,18,10,31,38,60,60,43,18,78,30,62,11,25,8,8,20,12,38,19,12,11,58,55,59,46,52,55
13,8,11,24,5,11,11,14,15,19,24,24,28,39,28,23,36,24,60,8,18,14,6,29,19,34,10,14,11,57,60,52,55,52,55
11,8,12,24,9,8,14,12,20,17,23,21,32,44,48,24,58,24,61,9,18,13,5,33,10,22,8,13,14,55,52,54,52,60,55
21,16,13,26,19,16,21,19,35,18,41,41,39,49,50,34,66,44,57,17,41,30,15,53,32,58,10,16,15,53,55,64,54,55,55
12,9,12,16,7,11,13,14,17,14,30,30,32,42,46,21,56,30,53,8,20,10,7,36,15,36,15,13,12,55,55,55,55,55,55
23,17,22,38,18,19,21,20,27,27,26,38,43,52,49,29,55,30,67,18,33,22,16,53,20,39,15,22,24,56,59,54,48,56,55
11,8,14,21,9,9,15,11,16,21,22,27,32,51,25,22,26,21,68,8,24,11,8,25,16,35,15,11,14,57,52,47,49,60,55
14,15,20,24,19,11,12,12,22,24,40,48,31,52,51,23,59,34,52,19,18,21,15,28,22,39,11,19,15,53,49,47,53,57,54
12,17,18,26,15,17,16,18,25,12,43,48,36,51,58,19,54,37,57,13,18,16,19,53,17,38,17,18,15,56,52,52,52,54,54
12,10,12,27,10,10,13,11,30,19,43,40,48,40,43,20,64,34,53,10,22,11,10,33,20,35,27,11,14,57,54,53,53,57,54
10,5,13,17,5,5,11,14,18,16,27,20,31,48,47,23,59,21,43,8,26,13,6,21,19,31,22,11,11,57,58,48,47,55,54
16,4,12,20,8,6,15,12,22,11,21,22,34,45,27,20,40,31,78,8,16,14,4,33,17,38,7,14,16,55,55,46,53,55,54
21,16,19,48,5,12,10,14,34,24,26,21,29,42,49,42,61,26,46,12,20,21,7,45,10,34,17,17,23,56,54,53,51,58,54
14,5,14,18,5,9,13,10,16,12,32,17,30,41,42,23,60,27,52,9,19,14,6,38,11,33,9,11,11,57,54,51,51,57,54
12,20,17,32,20,15,12,16,23,25,42,49,33,50,54,20,53,37,56,13,21,26,14,32,29,31,45,14,14,55,54,51,53,59,54
10,10,14,23,9,12,12,13,29,19,33,28,36,50,22,18,50,21,55,12,17,12,5,34,10,40,8,13,14,56,52,48,53,55,54
18,19,13,27,11,13,17,14,23,23,49,41,39,52,55,22,57,43,65,20,19,25,20,22,23,31,22,20,14,56,53,47,51,54,54
15,14,14,32,14,20,13,12,27,27,36,36,33,56,42,19,53,29,45,14,23,20,9,12,30,23,10,19,20,55,45,54,53,56,54
13,8,11,27,7,13,14,10,28,11,28,27,33,45,42,22,62,24,35,7,28,6,7,25,14,43,19,13,14,55,51,53,55,54,54
13,16,20,25,11,19,14,20,19,24,34,34,32,54,40,16,53,25,43,14,26,13,5,31,27,36,19,19,20,57,49,46,49,53,53
22,14,12,32,19,21,14,16,29,24,50,47,31,56,57,25,58,25,54,12,34,18,16,30,20,36,10,17,15,55,48,47,49,53,53
14,15,14,24,12,10,12,19,35,17,35,22,34,44,26,32,27,28,60,9,17,12,10,42,15,28,8,15,14,55,55,53,51,52,53
12,5,10,24,8,13,12,12,14,11,23,24,38,45,43,20,52,24,35,7,19,15,4,35,15,23,9,15,15,58,53,56,48,54,53
10,8,12,15,6,6,14,10,28,12,23,16,23,45,24,24,31,20,61,7,20,11,4,27,19,45,8,12,11,58,51,55,47,57,53
13,5,11,22,9,8,13,14,15,12,18,32,35,39,24,24,34,18,64,7,28,10,5,29,19,24,12,12,11,53,54,52,55,51,53
18,14,21,32,20,14,19,18,18,20,48,48,37,48,60,24,52,34,58,17,26,25,11,19,29,33,28,20,21,55,45,51,53,58,53
12,6,12,28,7,12,13,13,27,16,56,44,68,44,48,20,62,35,48,5,42,7,4,23,10,36,7,14,14,53,56,42,54,52,53
10,5,13,20,8,8,10,12,29,14,21,19,23,35,24,22,33,25,67,8,28,12,4,26,13,34,16,10,14,55,49,53,53,56,52
17,16,12,25,20,13,13,13,21,18,48,44,38,50,57,22,52,44,57,12,24,22,20,23,22,33,13,14,18,56,47,51,44,58,52
15,18,16,26,13,12,19,10,26,19,39,44,37,48,55,25,55,32,62,14,24,20,16,25,24,32,17,13,19,56,50,47,45,54,52
6,7,9,21,9,6,10,7,20,11,34,36,37,39,30,18,70,29,63,8,22,10,6,24,8,29,6,10,11,57,55,51,44,56,52
19,15,19,36,19,15,20,13,32,20,49,51,48,42,55,23,56,17,55,19,28,17,17,15,23,39,12,14,18,56,48,52,50,55,52
12,6,14,28,8,9,12,13,24,20,31,26,37,42,42,16,64,23,53,6,27,9,5,34,11,35,15,14,12,55,51,49,47,58,52
12,16,16,32,18,17,21,18,20,26,44,43,33,50,65,20,52,25,54,16,25,24,15,18,30,32,27,13,21,54,47,44,49,55,52
11,10,11,24,7,7,12,10,20,10,33,34,22,46,18,12,34,22,77,11,21,10,9,24,13,22,14,11,10,57,45,41,46,63,52
10,8,10,17,7,11,10,12,16,14,30,33,27,41,28,26,36,17,45,9,20,10,8,35,13,43,9,12,12,51,55,55,45,55,52
14,8,12,16,5,7,13,11,16,19,25,33,22,45,27,24,38,19,43,6,25,8,4,26,17,34,24,12,10,58,51,56,51,46,52
11,6,14,19,5,7,12,12,25,13,33,25,39,44,28,19,34,21,56,8,24,11,6,37,10,39,5,13,14,54,47,51,50,54,51
16,7,15,15,10,13,11,13,27,19,17,22,31,34,24,22,33,20,36,9,25,12,10,36,13,30,17,12,11,50,47,56,52,58,51
10,7,9,18,6,7,13,11,16,17,33,22,29,32,43,21,60,26,43,7,21,15,6,25,13,34,9,11,13,57,52,47,43,60,51
21,9,11,32,5,7,21,6,42,10,28,33,23,42,42,21,57,18,37,8,34,27,6,26,22,34,21,23,21,47,58,52,52,46,51
15,11,12,30,12,11,12,14,16,12,20,24,26,47,44,17,60,32,41,12,15,11,12,34,12,33,14,15,14,52,57,51,47,47,51
12,6,12,23,5,6,12,12,24,11,22,22,23,40,22,23,37,19,42,8,19,9,8,31,12,31,18,13,13,51,48,40,53,56,51
11,8,11,21,8,9,10,12,22,13,29,29,24,43,42,18,58,28,44,7,19,14,7,32,19,36,8,12,10,50,47,53,50,53,50
14,7,12,18,8,9,12,13,15,16,27,15,22,44,42,24,59,32,32,9,19,8,4,31,18,42,6,14,12,50,49,48,50,52,50
13,9,10,21,5,5,11,11,25,11,24,31,31,44,47,17,71,17,51,7,16,12,4,31,11,25,7,10,10,56,47,44,46,51,50
13,6,11,29,7,6,14,12,22,18,28,29,34,37,52,19,52,24,56,8,20,13,4,33,18,37,6,13,10,50,48,58,51,52,50
11,8,11,18,9,9,13,12,24,10,21,21,33,32,47,18,59,21,46,5,26,12,6,38,14,36,12,10,10,54,53,47,40,56,50
14,5,10,19,6,12,13,12,21,12,24,32,38,46,26,19,31,28,50,7,16,9,6,26,17,29,9,11,10,50,49,50,45,49,49
